group_id,display_name,group_record_count,match_reasons,source_file,source_index,name,slug,url,meta_title,h1_titles_count,sections_count,full_text_length,section_headings
1,Achilles Tendinitis,2,slug,modified_disease.json,0,Achilles Tendinitis,achilles-tendinitis,https://www.niams.nih.gov/health-topics/achilles-tendinitis,"Achilles Tendinitis - Symptoms, Causes, Diagnosis, Treatment, and Prevention",2,13,2004,Introduction | What is Achilles Tendinitis? | Common Symptoms of Achilles Tendinitis | Causes | Diagnosis | Treatment | Key Risk Factors | Prevention | Prevalence | Category | Alphabetical Index | Disease ID | Source
1,Achilles Tendinitis,2,slug,common_diseases_conditions_offline.json,9,"Achilles Tendinitis: Symptoms, Causes And Treatment",achilles-tendinitis,https://www.apollohospitals.com/diseases-and-conditions/achilles-tendinitis,"Achilles Tendinitis: Symptoms, Causes And Treatment | Apollo Hospitals",1,7,1680,None | Achilles Tendinitis Definition | Achilles Tendinitis Symptoms | Achilles Tendinitis Risk Factors | Achilles Tendinitis Diagnosis | Achilles Tendinitis Treatment | Achilles Tendinitis Medication and Surgery
2,Acne,2,slug,modified_disease.json,2,Acne,acne,https://www.niams.nih.gov/health-topics/acne,"Acne - Symptoms, Causes, Diagnosis, Treatment, and Prevention",2,13,1888,Introduction | What is Acne? | Common Symptoms of Acne | Causes | Diagnosis | Treatment | Key Risk Factors | Prevention | Prevalence | Category | Alphabetical Index | Disease ID | Source
2,Acne,2,slug,common_diseases_conditions_offline.json,13,"Acne – Causes, Diagnosis and Treatment",acne,https://www.apollohospitals.com/diseases-and-conditions/acne,"Acne – Causes, Diagnosis and Treatment | Apollo Hospitals",1,7,2903,None | Definition | Symptoms of Acne Treatment | Risk Factors | Diagnosis of Acne Treatment | Treatment of Acne Treatment | Adult Acne
3,Allergic Rhinitis,2,slug,modified_disease.json,3,Allergic Rhinitis,allergic-rhinitis,https://medlineplus.gov/ency/article/000813.htm,"Allergic Rhinitis - Symptoms, Causes, Diagnosis, Treatment, and Prevention",2,13,879,Introduction | What is Allergic Rhinitis? | Common Symptoms of Allergic Rhinitis | Causes | Diagnosis | Treatment | Key Risk Factors | Prevention | Prevalence | Category | Alphabetical Index | Disease ID | Source
3,Allergic Rhinitis,2,slug,common_diseases_conditions_offline.json,62,Allergic Rhinitis,allergic-rhinitis,https://www.apollohospitals.com/diseases-and-conditions/allergic-rhinitis,Allergic Rhinitis | Apollo Hospitals,1,5,2336,Allergic Rhinitis Definition | Allergic Rhinitis Causes | Allergic Rhinitis Symptoms | Allergic Rhinitis Diagnosis | Allergic Rhinitis Treatment
4,Alopecia Areata,2,slug,modified_disease.json,4,Alopecia Areata,alopecia-areata,https://www.niams.nih.gov/health-topics/alopecia-areata,"Alopecia Areata - Symptoms, Causes, Diagnosis, Treatment, and Prevention",2,13,1708,Introduction | What is Alopecia Areata? | Common Symptoms of Alopecia Areata | Causes | Diagnosis | Treatment | Key Risk Factors | Prevention | Prevalence | Category | Alphabetical Index | Disease ID | Source
4,Alopecia Areata,2,slug,common_diseases_conditions_offline.json,66,"Alopecia Areata - Causes, Symptoms, Diagnosis, Treatment, and Prevention",alopecia-areata,https://www.apollohospitals.com/diseases-and-conditions/alopecia-areata,"Alopecia Areata - Causes, Symptoms, Diagnosis, and Treatment",2,23,14418,Introduction | Definition | Infectious/Environmental Causes | Genetic/Autoimmune Causes | Lifestyle and Dietary Factors | Key Risk Factors | Symptoms | Warning Signs | Diagnosis | Clinical Evaluation | Diagnostic Tests | Differential Diagnosis | Medical Treatments | Non-Pharmacological Treatments | Special Considerations | Complications | Short-Term Complications | Long-Term Complications | Prevention | Prognosis & Long-Term Outlook | Frequently Asked Questions (FAQs) | When to See a Doctor | Conclusion & Disclaimer
5,Ankylosing Spondylitis,2,slug,modified_disease.json,6,Ankylosing Spondylitis,ankylosing-spondylitis,https://www.niams.nih.gov/health-topics/ankylosing-spondylitis,"Ankylosing Spondylitis - Symptoms, Causes, Diagnosis, Treatment, and Prevention",2,13,1891,Introduction | What is Ankylosing Spondylitis? | Common Symptoms of Ankylosing Spondylitis | Causes | Diagnosis | Treatment | Key Risk Factors | Prevention | Prevalence | Category | Alphabetical Index | Disease ID | Source
5,Ankylosing Spondylitis,2,slug,common_diseases_conditions_offline.json,100,"Ankylosing Spondylitis: Types, Symptoms, Causes and Treatment",ankylosing-spondylitis,https://www.apollohospitals.com/diseases-and-conditions/ankylosing-spondylitis,"Ankylosing Spondylitis - Types, Symptoms, Causes and Treatment",1,6,2816,None | Ankylosing Spondylitis Definition | Ankylosing Spondylitis Symptoms | Ankylosing Spondylitis Risk Factors | Ankylosing Spondylitis Diagnosis | Ankylosing Spondylitis Treatment
6,Antiphospholipid Syndrome (APS),2,slug,modified_disease.json,7,Antiphospholipid Syndrome (APS),antiphospholipid-syndrome,https://www.niams.nih.gov/health-topics/antiphospholipid-syndrome,"Antiphospholipid Syndrome (APS) - Symptoms, Causes, Diagnosis, Treatment, and Prevention",2,13,1898,Introduction | What is Antiphospholipid Syndrome (APS)? | Common Symptoms of Antiphospholipid Syndrome (APS) | Causes | Diagnosis | Treatment | Key Risk Factors | Prevention | Prevalence | Category | Alphabetical Index | Disease ID | Source
6,Antiphospholipid Syndrome (APS),2,slug,common_diseases_conditions_offline.json,113,"Antiphospholipid Syndrome - Causes, Symptoms, Diagnosis, Treatment, and Prevention",antiphospholipid-syndrome,https://www.apollohospitals.com/diseases-and-conditions/antiphospholipid-syndrome,"Antiphospholipid Syndrome - Causes, Symptoms, Diagnosis, and Treatment",2,22,13218,Introduction | What is Antiphospholipid Syndrome? | Infectious/Environmental Causes | Genetic/Autoimmune Causes | Lifestyle and Dietary Factors | Key Risk Factors | Symptoms | Warning Signs | Clinical Evaluation | Diagnostic Tests | Differential Diagnosis | Medical Treatments | Non-Pharmacological Treatments | Special Considerations | Complications | Short-Term and Long-Term Complications | Prevention | Prognosis & Long-Term Outlook | Factors Influencing Prognosis | Frequently Asked Questions (FAQs) | When to See a Doctor | Conclusion & Disclaimer
7,Arthritis,2,slug,modified_disease.json,8,Arthritis,arthritis,https://www.niams.nih.gov/health-topics/arthritis,"Arthritis - Symptoms, Causes, Diagnosis, Treatment, and Prevention",2,13,1697,Introduction | What is Arthritis? | Common Symptoms of Arthritis | Causes | Diagnosis | Treatment | Key Risk Factors | Prevention | Prevalence | Category | Alphabetical Index | Disease ID | Source
7,Arthritis,2,slug,common_diseases_conditions_offline.json,145,"Arthritis - Causes, Symptoms and Treatment",arthritis,https://www.apollohospitals.com/diseases-and-conditions/arthritis,"Arthritis: Causes, types, and Diagnosis - Apollo Hospitals",1,13,10445,What is Arthritis? | Most Common Causes | Signs and Symptoms | When to See a Doctor? | Types of Arthritis | How is the Condition Diagnosed? | Treatment for Arthritis | Surgical Treatment Options | Foods that Heal Arthritis | Prevention and Management | Dos and Don’ts | Takeaway Message | FAQs for Arthritis
8,Asthma,2,slug,modified_disease.json,9,Asthma,asthma,https://www.nhlbi.nih.gov/health/asthma,"Asthma - Symptoms, Causes, Diagnosis, Treatment, and Prevention",2,13,1575,Introduction | What is Asthma? | Common Symptoms of Asthma | Causes | Diagnosis | Treatment | Key Risk Factors | Prevention | Prevalence | Category | Alphabetical Index | Disease ID | Source
8,Asthma,2,slug,common_diseases_conditions_offline.json,158,Asthma,asthma,https://www.apollohospitals.com/diseases-and-conditions/asthma,"Asthma : Causes, Symptoms, Diagnosis and Treatment",1,6,3264,Asthma Definition | Asthma Symptoms | Asthma Risk Factors | Asthma Diagnosis | Asthma Treatment | Short term (quick relief) medication:
9,Behçet's Disease,2,slug,modified_disease.json,12,Behçet's Disease,behcets-disease,https://www.niams.nih.gov/health-topics/behcets-disease,"Behçet's Disease - Symptoms, Causes, Diagnosis, Treatment, and Prevention",2,13,1627,Introduction | What is Behçet's Disease? | Common Symptoms of Behçet's Disease | Causes | Diagnosis | Treatment | Key Risk Factors | Prevention | Prevalence | Category | Alphabetical Index | Disease ID | Source
9,Behçet's Disease,2,slug,common_diseases_conditions_offline.json,214,"Behcets Disease - Causes, Symptoms, Diagnosis, Treatment, and Prevention",behcets-disease,https://www.apollohospitals.com/diseases-and-conditions/behcets-disease,"Behcets Disease - Causes, Symptoms, Diagnosis, and Treatment",2,22,11034,Introduction | What is Behçet's Disease? | Infectious/Environmental Causes | Genetic/Autoimmune Causes | Lifestyle and Dietary Factors | Key Risk Factors | Symptoms | Warning Signs | Clinical Evaluation | Diagnostic Tests | Differential Diagnosis | Medical Treatments | Non-Pharmacological Treatments | Special Considerations | Complications | Short-Term and Long-Term Complications | Prevention | Prognosis & Long-Term Outlook | Factors Influencing Prognosis | Frequently Asked Questions (FAQs) | When to See a Doctor | Conclusion & Disclaimer
10,Bronchitis,2,slug,modified_disease.json,13,Bronchitis,bronchitis,https://medlineplus.gov/acutebronchitis.html,"Bronchitis - Symptoms, Causes, Diagnosis, Treatment, and Prevention",2,13,946,Introduction | What is Bronchitis? | Common Symptoms of Bronchitis | Causes | Diagnosis | Treatment | Key Risk Factors | Prevention | Prevalence | Category | Alphabetical Index | Disease ID | Source
10,Bronchitis,2,slug,common_diseases_conditions_offline.json,298,Bronchitis,bronchitis,https://www.apollohospitals.com/diseases-and-conditions/bronchitis,Bronchitis | Apollo Hospitals,1,7,2925,None | Definition | Types of Bronchitis | Causes of Bronchitis | Symptoms of Bronchitis | Diagnosis of Bronchitis | Treatment for Bronchitis
11,Chikungunya,2,slug,modified_disease.json,17,Chikungunya,chikungunya,https://www.who.int/news-room/fact-sheets/detail/chikungunya,"Chikungunya - Symptoms, Causes, Diagnosis, Treatment, and Prevention",2,13,1276,Introduction | What is Chikungunya? | Common Symptoms of Chikungunya | Causes | Diagnosis | Treatment | Key Risk Factors | Prevention | Prevalence | Category | Alphabetical Index | Disease ID | Source
11,Chikungunya,2,slug,common_diseases_conditions_offline.json,394,CHIKUNGUNYA,chikungunya,https://www.apollohospitals.com/diseases-and-conditions/chikungunya,"Chikangunya - Symptoms, Causes and Treatment - Apollo Hospital Blog",1,8,9295,Overview | Cause | Symptoms | Risk Factors | Diagnosis | Treatment | Prevention | FAQs
12,Dermatomyositis,2,slug,modified_disease.json,29,Dermatomyositis,dermatomyositis,https://www.niams.nih.gov/health-topics/myositis,"Dermatomyositis - Symptoms, Causes, Diagnosis, Treatment, and Prevention",2,13,1726,Introduction | What is Dermatomyositis? | Common Symptoms of Dermatomyositis | Causes | Diagnosis | Treatment | Key Risk Factors | Prevention | Prevalence | Category | Alphabetical Index | Disease ID | Source
12,Dermatomyositis,2,slug,common_diseases_conditions_offline.json,569,"Dermatomyositis - Causes, Symptoms, Diagnosis, Treatment, and Prevention",dermatomyositis,https://www.apollohospitals.com/diseases-and-conditions/dermatomyositis,"Dermatomyositis - Causes, Symptoms, Diagnosis, and Treatment",2,22,16207,Introduction | What is Dermatomyositis? | Infectious/Environmental Causes | Genetic/Autoimmune Causes | Lifestyle and Dietary Factors | Key Risk Factors | Common Symptoms of Dermatomyositis | Warning Signs for Immediate Medical Attention | Clinical Evaluation | Diagnostic Tests | Differential Diagnosis | Medical Treatments | Non-Pharmacological Treatments | Special Considerations | Potential Complications | Short-Term and Long-Term Complications | Strategies for Prevention | Typical Course of the Disease | Factors Influencing Prognosis | Frequently Asked Questions (FAQs) | When to See a Doctor | Conclusion & Disclaimer
13,Diphtheria,2,slug,modified_disease.json,32,Diphtheria,diphtheria,https://www.cdc.gov/diphtheria/symptoms/index.html,"Diphtheria - Symptoms, Causes, Diagnosis, Treatment, and Prevention",2,13,956,Introduction | What is Diphtheria? | Common Symptoms of Diphtheria | Causes | Diagnosis | Treatment | Key Risk Factors | Prevention | Prevalence | Category | Alphabetical Index | Disease ID | Source
13,Diphtheria,2,slug,common_diseases_conditions_offline.json,599,Diphtheria,diphtheria,https://www.apollohospitals.com/diseases-and-conditions/diphtheria,Diphtheria | Apollo Hospitals,1,6,3241,None | Diphtheria Definition | Diphtheria Symptoms | Diphtheria Risk Factors | Diphtheria Diagnosis | Diphtheria Treatment
14,Discoid Lupus Erythematosus (DLE),2,slug,modified_disease.json,33,Discoid Lupus Erythematosus (DLE),discoid-lupus,https://www.niams.nih.gov/health-topics/lupus,"Discoid Lupus Erythematosus (DLE) - Symptoms, Causes, Diagnosis, Treatment, and Prevention",2,13,2000,Introduction | What is Discoid Lupus Erythematosus (DLE)? | Common Symptoms of Discoid Lupus Erythematosus (DLE) | Causes | Diagnosis | Treatment | Key Risk Factors | Prevention | Prevalence | Category | Alphabetical Index | Disease ID | Source
14,Discoid Lupus Erythematosus (DLE),2,slug,common_diseases_conditions_offline.json,601,"Discoid Lupus - Causes, Symptoms, Diagnosis, Treatment, and Prevention",discoid-lupus,https://www.apollohospitals.com/diseases-and-conditions/discoid-lupus,"Discoid Lupus - Causes, Symptoms, Diagnosis, and Treatment",2,21,10961,Introduction | Definition | Infectious/Environmental Causes | Genetic/Autoimmune Causes | Lifestyle and Dietary Factors | Key Risk Factors | Symptoms | Warning Signs | Clinical Evaluation | Diagnostic Tests | Differential Diagnosis | Medical Treatments | Non-Pharmacological Treatments | Special Considerations | Complications | Short-Term and Long-Term Complications | Prevention | Prognosis & Long-Term Outlook | Frequently Asked Questions (FAQs) | When to See a Doctor | Conclusion & Disclaimer
15,Dupuytren's Contracture,2,slug,modified_disease.json,34,Dupuytren's Contracture,dupuytrens-contracture,https://www.niams.nih.gov/health-topics/dupuytrens-contracture,"Dupuytren's Contracture - Symptoms, Causes, Diagnosis, Treatment, and Prevention",2,13,1632,Introduction | What is Dupuytren's Contracture? | Common Symptoms of Dupuytren's Contracture | Causes | Diagnosis | Treatment | Key Risk Factors | Prevention | Prevalence | Category | Alphabetical Index | Disease ID | Source
15,Dupuytren's Contracture,2,slug,common_diseases_conditions_offline.json,628,"Dupuytrens Contracture - Causes, Symptoms, Diagnosis, Treatment, and Prevention",dupuytrens-contracture,https://www.apollohospitals.com/diseases-and-conditions/dupuytrens-contracture,"Dupuytrens Contracture - Causes, Symptoms, Diagnosis, and Treatment",2,22,11991,Introduction | What is Dupuytren's Contracture? | Infectious/Environmental Causes | Genetic/Autoimmune Causes | Lifestyle and Dietary Factors | Key Risk Factors | Common Symptoms | Warning Signs | Clinical Evaluation | Diagnostic Tests | Differential Diagnosis | Medical Treatments | Non-Pharmacological Treatments | Special Considerations | Potential Complications | Short-Term and Long-Term Complications | Strategies for Prevention | Typical Course of the Disease | Factors Influencing Prognosis | Frequently Asked Questions (FAQs) | When to See a Doctor | Conclusion & Disclaimer
16,Eczema (Atopic Dermatitis),2,slug,modified_disease.json,36,Eczema (Atopic Dermatitis),eczema,https://www.niams.nih.gov/health-topics/eczema,"Eczema (Atopic Dermatitis) - Symptoms, Causes, Diagnosis, Treatment, and Prevention",2,13,1933,Introduction | What is Eczema (Atopic Dermatitis)? | Common Symptoms of Eczema (Atopic Dermatitis) | Causes | Diagnosis | Treatment | Key Risk Factors | Prevention | Prevalence | Category | Alphabetical Index | Disease ID | Source
16,Eczema (Atopic Dermatitis),2,slug,common_diseases_conditions_offline.json,657,ECZEMA,eczema,https://www.apollohospitals.com/diseases-and-conditions/eczema,ECZEMA | Apollo Hospitals,1,9,18839,Overview | Causes | Symptoms | Types Of Eczema | Complications | Diagnosis | Treatment | Prevention | FAQs
17,Ehlers-Danlos Syndrome (EDS),2,slug,modified_disease.json,37,Ehlers-Danlos Syndrome (EDS),ehlers-danlos-syndrome,https://www.niams.nih.gov/health-topics/ehlers-danlos-syndrome,"Ehlers-Danlos Syndrome (EDS) - Symptoms, Causes, Diagnosis, Treatment, and Prevention",2,13,1858,Introduction | What is Ehlers-Danlos Syndrome (EDS)? | Common Symptoms of Ehlers-Danlos Syndrome (EDS) | Causes | Diagnosis | Treatment | Key Risk Factors | Prevention | Prevalence | Category | Alphabetical Index | Disease ID | Source
17,Ehlers-Danlos Syndrome (EDS),2,slug,common_diseases_conditions_offline.json,661,"Ehlers-Danlos Syndrome - Causes, Symptoms, Diagnosis, Treatment, and Prevention",ehlers-danlos-syndrome,https://www.apollohospitals.com/diseases-and-conditions/ehlers-danlos-syndrome,"Ehlers-Danlos Syndrome - Causes, Symptoms, Diagnosis, and Treatment",2,22,9741,Introduction | Definition | Infectious/Environmental Causes | Genetic/Autoimmune Causes | Lifestyle and Dietary Factors | Key Risk Factors | Symptoms | Warning Signs | Clinical Evaluation | Diagnostic Tests | Differential Diagnosis | Medical Treatments | Non-Pharmacological Treatments | Special Considerations | Complications | Short-Term Complications | Long-Term Complications | Prevention | Prognosis & Long-Term Outlook | Frequently Asked Questions (FAQs) | When to See a Doctor | Conclusion & Disclaimer
48,"Epilepsy - Symptoms, Risks, Diagnosis, and Treatment",2,name,common_diseases_conditions_offline.json,697,"Epilepsy - Symptoms, Risks, Diagnosis, and Treatment",epilepsy,https://www.apollohospitals.com/diseases-and-conditions/epilepsy,"Epilepsy - Symptoms, Causes, Diagnosis and Treatment",1,10,19239,Overview | Causes | Symptoms | Types of Seizures | Risk Factors | Complications | Diagnosis | Treatment | Prevention | FAQs
48,"Epilepsy - Symptoms, Risks, Diagnosis, and Treatment",2,name,common_diseases_conditions_offline.json,698,"Epilepsy - Symptoms, Risks, Diagnosis, and Treatment",what-is-epilepsy,https://www.apollohospitals.com/diseases-and-conditions/what-is-epilepsy,"Epilepsy - Symptoms, Causes, Diagnosis and Treatment",1,10,19239,Overview | Causes | Symptoms | Types of Seizures | Risk Factors | Complications | Diagnosis | Treatment | Prevention | FAQs
18,Fibromyalgia,2,slug,modified_disease.json,39,Fibromyalgia,fibromyalgia,https://www.niams.nih.gov/health-topics/fibromyalgia,"Fibromyalgia - Symptoms, Causes, Diagnosis, Treatment, and Prevention",2,13,1801,Introduction | What is Fibromyalgia? | Common Symptoms of Fibromyalgia | Causes | Diagnosis | Treatment | Key Risk Factors | Prevention | Prevalence | Category | Alphabetical Index | Disease ID | Source
18,Fibromyalgia,2,slug,common_diseases_conditions_offline.json,773,"Fibromyalgia - Types, Causes, Symptoms, Risk Factors, Diagnosis and Treatment",fibromyalgia,https://www.apollohospitals.com/diseases-and-conditions/fibromyalgia,"Fibromyalgia - Causes, Symptoms, Diagnosis and Treatment",1,18,12639,Fibromyalgia Definition: | About Fibromyalgia: | What are the symptoms of Fibromyalgia? | What are the causes of Fibromyalgia? | What are the types of Fibromyalgia Pain? | What are the complications of Fibromyalgia? | Risk Factors for Fibromyalgia | When Should You Visit Your Doctor for Fibromyalgia? | Fibromyalgia Diagnosis | How is Fibromyalgia Diagnosed? | Ruling Out Other Conditions | Lab Tests and Investigations | Fibromyalgia Treatment Options | Non-Medication Treatments for Fibromyalgia | Medication-Based Treatments | Comprehensive Care at Apollo Hospitals | Conclusion | Frequently Asked Questions (FAQs)
19,Flat Feet (Pes Planus),3,slug|compact_name,modified_disease.json,40,Flat Feet (Pes Planus),flat-feet,https://www.niams.nih.gov/health-topics/foot-problems,"Flat Feet (Pes Planus) - Symptoms, Causes, Diagnosis, Treatment, and Prevention",2,13,1816,Introduction | What is Flat Feet (Pes Planus)? | Common Symptoms of Flat Feet (Pes Planus) | Causes | Diagnosis | Treatment | Key Risk Factors | Prevention | Prevalence | Category | Alphabetical Index | Disease ID | Source
19,Flat Feet (Pes Planus),3,slug|compact_name,common_diseases_conditions_offline.json,779,"Flat Feet - Causes, Symptoms, Diagnosis, Treatment, and Prevention",flat-feet,https://www.apollohospitals.com/diseases-and-conditions/flat-feet,"Flat Feet - Causes, Symptoms, Diagnosis, and Treatment",2,23,10053,Introduction | What is Flat Feet? | Infectious/Environmental Causes | Genetic/Autoimmune Causes | Lifestyle and Dietary Factors | Key Risk Factors | Common Symptoms of Flat Feet | Warning Signs for Immediate Medical Attention | Clinical Evaluation | Diagnostic Tests | Differential Diagnosis | Medical Treatments | Non-Pharmacological Treatments | Special Considerations for Different Populations | Potential Complications | Short-Term and Long-Term Complications | Strategies for Prevention | Recommendations | Typical Course of the Disease | Factors Influencing Prognosis | Frequently Asked Questions (FAQs) | When to See a Doctor | Conclusion & Disclaimer
19,Flat Feet (Pes Planus),3,slug|compact_name,common_diseases_conditions_offline.json,780,"Flatfeet - Causes, Symptoms, Diagnosis, Treatment, and Prevention",flatfeet,https://www.apollohospitals.com/diseases-and-conditions/flatfeet,"Flatfeet - Causes, Symptoms, Diagnosis, and Treatment",2,23,9631,Introduction | What is Flatfeet? | Infectious/Environmental Causes | Genetic/Autoimmune Causes | Lifestyle and Dietary Factors | Key Risk Factors | Common Symptoms of Flatfeet | Warning Signs for Immediate Medical Attention | Clinical Evaluation | Diagnostic Tests | Differential Diagnosis | Medical Treatments | Surgical Options | Non-Pharmacological Treatments | Special Considerations for Different Populations | Potential Complications of Untreated Flatfeet | Short-Term and Long-Term Complications | Strategies for Preventing Flatfeet | Typical Course of the Disease | Factors Influencing Prognosis | Frequently Asked Questions (FAQs) | When to See a Doctor | Conclusion & Disclaimer
20,Hepatitis B,3,slug|name,modified_disease.json,51,Hepatitis B,hepatitis-b,https://www.who.int/news-room/fact-sheets/detail/hepatitis-b,"Hepatitis B - Symptoms, Causes, Diagnosis, Treatment, and Prevention",2,13,1331,Introduction | What is Hepatitis B? | Common Symptoms of Hepatitis B | Causes | Diagnosis | Treatment | Key Risk Factors | Prevention | Prevalence | Category | Alphabetical Index | Disease ID | Source
20,Hepatitis B,3,slug|name,common_diseases_conditions_offline.json,926,Hepatitis B,hepatitis-b,https://www.apollohospitals.com/diseases-and-conditions/hepatitis-b,What is Hepatitis B : Symptoms & Prevention - Ask Apollo,1,3,1393,Hepatitis B | Symptoms | Prevention
20,Hepatitis B,3,slug|name,common_diseases_conditions_offline.json,927,Hepatitis B,hepatitis-b-0,https://www.apollohospitals.com/diseases-and-conditions/hepatitis-b-0,"Hepatitis-B - Symptoms, Causes and Treatment - Apollo Hospital Blog",1,1,5798,None
21,Hepatitis E,2,slug,modified_disease.json,52,Hepatitis E,hepatitis-e,https://www.who.int/news-room/fact-sheets/detail/hepatitis-e,"Hepatitis E - Symptoms, Causes, Diagnosis, Treatment, and Prevention",2,13,1001,Introduction | What is Hepatitis E? | Common Symptoms of Hepatitis E | Causes | Diagnosis | Treatment | Key Risk Factors | Prevention | Prevalence | Category | Alphabetical Index | Disease ID | Source
21,Hepatitis E,2,slug,common_diseases_conditions_offline.json,929,"Hepatitis E - Causes, Symptoms, Diagnosis, Treatment, and Prevention",hepatitis-e,https://www.apollohospitals.com/diseases-and-conditions/hepatitis-e,"Hepatitis E - Causes, Symptoms, Diagnosis, and Treatment",2,19,7191,Introduction | Definition | Infectious/Environmental Causes | Genetic/Autoimmune Causes | Lifestyle and Dietary Factors | Key Risk Factors | Symptoms | Warning Signs for Immediate Medical Attention | Clinical Evaluation | Diagnostic Tests | Medical Treatments | Non-Pharmacological Treatments | Special Considerations | Complications | Prevention | Prognosis & Long-Term Outlook | Frequently Asked Questions (FAQs) | When to See a Doctor | Conclusion & Disclaimer
49,Lung Cancer,2,slug,common_diseases_conditions_offline.json,1214,Lung Cancer,lung-cancer,https://www.apollohospitals.com/hyderabad/diseases-and-conditions/lung-cancer,Lung Cancer | Apollo Hospitals,1,31,12584,"Advanced Oncology Care With Compassion, Expertise and Innovation | Understanding Lung Cancer | Why Early Detection Matters | Risk Factors | Warning Signs and Symptoms | Screening and Diagnosis | Comprehensive Treatment Options | Thoracic (Lung) Surgery | Medical Oncology | Radiation Oncology | Pulmonology and Interventional Pulmonology | Radiology and Nuclear Medicine | Pathology and Molecular Genetics | Anesthesia and Critical Care | Rehabilitation and Supportive Care | Nursing and Care Navigation | Clinical Trials and Second Opinions | Our Patient-Centered Care Approach | Post-Treatment Care and Survivorship | Why Choose Apollo Hospitals Hyderabad | Q1. What are the main symptoms of lung cancer? | Q2. Who should consider lung cancer screening? | Q3. Can non-smokers develop lung cancer? | Q4. What happens after lung cancer treatment? | Q5. Why is cancer staging important? | Q6. Is lung cancer curable if detected early? | Q7. Do targeted therapy and immunotherapy work for all patients? | Q8. Does lung cancer progress rapidly? | Q9. What lifestyle changes support recovery during treatment? | Q10. What makes Apollo Hospitals Hyderabad ideal for lung cancer care? | Common Myths About Lung Cancer"
49,Lung Cancer,2,slug,common_diseases_conditions_offline.json,1215,"Lung Cancer - Early Signs, Risk Factors, Diagnosis, and Treatment Explained",lung-cancer,https://www.apollohospitals.com/diseases-and-conditions/lung-cancer,"Lung Cancer - Symptoms, Causes, Risk Factors, Diagnosis and Treatment",1,32,16042,"None | What Is Lung Cancer? | Types of Lung Cancer | What Are the Causes and Risk Factors for Lung Cancer? | Lifestyle Risk Factors: | Environmental Risk Factors: | Genetic and Medical Risk Factors: | What Are the Symptoms of Lung Cancer? | Common Early Signs: | Advanced Symptoms: | How Is Lung Cancer Diagnosed? | Diagnostic Steps and Tests: | Staging and Grading of Lung Cancer | What Are the Treatment Options for Lung Cancer? | 1. Surgery | 2. Medical Treatment (Chemotherapy, Targeted Therapy, Immunotherapy) | 3. Radiation Therapy | 4. Proton Therapy | Prognosis and Survival Rates for Lung Cancer | Screening and Prevention of Lung Cancer | Early Detection: | Prevention Strategies: | For International Patients: Your Seamless Journey to Apollo Hospitals | Q1: Is Lung Cancer curable? | Q2: What is the survival rate for Lung Cancer? | Q3: What are the side effects of Lung Cancer treatment? | Q4: Can Lung Cancer come back (recurrence)? | Q5: What is the typical recovery time after Lung Cancer surgery? | Q6: Can a non-smoker get Lung Cancer? | Q7: What is the difference between non-small cell and small cell lung cancer? | Q8: What is a ""pack-year"" in lung cancer screening? | Q9: Is there any way to prevent Lung Cancer?"
22,Lyme Disease,2,slug,modified_disease.json,72,Lyme Disease,lyme-disease,https://www.niams.nih.gov/health-topics/lyme-disease,"Lyme Disease - Symptoms, Causes, Diagnosis, Treatment, and Prevention",2,13,1680,Introduction | What is Lyme Disease? | Common Symptoms of Lyme Disease | Causes | Diagnosis | Treatment | Key Risk Factors | Prevention | Prevalence | Category | Alphabetical Index | Disease ID | Source
22,Lyme Disease,2,slug,common_diseases_conditions_offline.json,1218,"Lyme Disease - Causes, Symptoms, Diagnosis, Treatment, and Prevention",lyme-disease,https://www.apollohospitals.com/diseases-and-conditions/lyme-disease,"Lyme Disease - Causes, Symptoms, Diagnosis, and Treatment",2,23,12778,Introduction | What is Lyme Disease? | Infectious/Environmental Causes | Genetic/Autoimmune Causes | Lifestyle and Dietary Factors | Key Risk Factors | Common Symptoms of Lyme Disease | Warning Signs for Immediate Medical Attention | Clinical Evaluation | Diagnostic Tests | Differential Diagnosis | Medical Treatments | Non-Pharmacological Treatments | Special Considerations for Different Populations | Potential Complications | Short-Term and Long-Term Complications | Strategies for Preventing Lyme Disease | Hygiene Practices and Lifestyle Changes | Typical Course of the Disease | Factors Influencing Prognosis | Frequently Asked Questions (FAQs) | When to See a Doctor | Conclusion & Disclaimer
23,Malaria,2,slug,modified_disease.json,73,Malaria,malaria,https://www.who.int/news-room/fact-sheets/detail/malaria,"Malaria - Symptoms, Causes, Diagnosis, Treatment, and Prevention",2,13,1315,Introduction | What is Malaria? | Common Symptoms of Malaria | Causes | Diagnosis | Treatment | Key Risk Factors | Prevention | Prevalence | Category | Alphabetical Index | Disease ID | Source
23,Malaria,2,slug,common_diseases_conditions_offline.json,1236,Malaria,malaria,https://www.apollohospitals.com/diseases-and-conditions/malaria,"Malaria: Causes, Symptoms, Diagnosis and Treatment - Apollo Hosptitals",1,6,14802,None | How does one get malaria? | How is malaria spread? | What are the symptoms of severe malaria? | Sympto ms of severe malaria include: | What are the most common antim alarial drugs used?
24,Measles,2,slug,modified_disease.json,75,Measles,measles,https://www.who.int/news-room/fact-sheets/detail/measles,"Measles - Symptoms, Causes, Diagnosis, Treatment, and Prevention",2,13,989,Introduction | What is Measles? | Common Symptoms of Measles | Causes | Diagnosis | Treatment | Key Risk Factors | Prevention | Prevalence | Category | Alphabetical Index | Disease ID | Source
24,Measles,2,slug,common_diseases_conditions_offline.json,1267,"Measles - Symptoms, Causes, Stages, Risks, Diagnosis, Treatment and Prevention",measles,https://www.apollohospitals.com/diseases-and-conditions/measles,"Measles - Symptoms, Causes, Diagnosis and Treatment",1,34,19161,What Is Measles (Rubeola)? | If You Suspect Exposure: | What Causes Measles? | How Does Measles Spread? | Common Ways Measles Spreads: | What Are the Different Stages of Measles? | 1. Incubation Stage (7–14 days) | 2. Prodromal Stage (Early Symptoms – 2 to 4 days) | 3. Rash Stage (4–7 days) | 4. Recovery Stage | 5. Contagious Period | Symptoms of Measles | Early Symptoms (First 3–4 Days) | Rash Development | Who is at Risk of Developing Measles? | What are the Complications of Measles? | Diagnosis of Measles | What to Do After Exposure to Measles | Post-Exposure Vaccination | Human Normal Immunoglobulin (HNIG) | Routine MMR Vaccination Schedule | What Are the Treatment Options for Measles? | Symptomatic Treatment Includes: | How to Prevent Measles? | 1. MMR Vaccination | 2. Vaccination During Outbreaks | 3. Isolate Infected Individuals | 4. Promote Community Immunity (Herd Immunity) | 5. Consult Your Doctor About Booster Doses | When to See a Doctor for Measles? | Which Doctor to Consult? | What to Expect During the Doctor Visit? | Conclusion | Frequently Asked Questions (FAQs)
25,Mixed Connective Tissue Disease (MCTD),2,slug,modified_disease.json,76,Mixed Connective Tissue Disease (MCTD),mixed-connective-tissue-disease,https://www.niams.nih.gov/health-topics/mixed-connective-tissue-disease,"Mixed Connective Tissue Disease (MCTD) - Symptoms, Causes, Diagnosis, Treatment, and Prevention",2,13,1549,Introduction | What is Mixed Connective Tissue Disease (MCTD)? | Common Symptoms of Mixed Connective Tissue Disease (MCTD) | Causes | Diagnosis | Treatment | Key Risk Factors | Prevention | Prevalence | Category | Alphabetical Index | Disease ID | Source
25,Mixed Connective Tissue Disease (MCTD),2,slug,common_diseases_conditions_offline.json,1332,"Mixed Connective Tissue Disease - Causes, Symptoms, Diagnosis, Treatment, and Prevention",mixed-connective-tissue-disease,https://www.apollohospitals.com/diseases-and-conditions/mixed-connective-tissue-disease,"Mixed Connective Tissue Disease - Causes, Symptoms, Diagnosis, and Treatment",2,22,13313,Introduction | What is Mixed Connective Tissue Disease? | Infectious/Environmental Causes | Genetic/Autoimmune Causes | Lifestyle and Dietary Factors | Key Risk Factors | Common Symptoms of Mixed Connective Tissue Disease | Warning Signs for Immediate Medical Attention | Clinical Evaluation | Diagnostic Tests | Differential Diagnosis | Medical Treatments | Non-Pharmacological Treatments | Special Considerations | Potential Complications | Short-Term and Long-Term Complications | Strategies for Prevention | Typical Course of the Disease | Factors Influencing Prognosis | Frequently Asked Questions (FAQs) | When to See a Doctor | Conclusion & Disclaimer
26,Osteogenesis Imperfecta (Brittle Bone Disease),2,slug,modified_disease.json,87,Osteogenesis Imperfecta (Brittle Bone Disease),osteogenesis-imperfecta,https://www.niams.nih.gov/health-topics/osteogenesis-imperfecta,"Osteogenesis Imperfecta (Brittle Bone Disease) - Symptoms, Causes, Diagnosis, Treatment, and Prevention",2,13,1858,Introduction | What is Osteogenesis Imperfecta (Brittle Bone Disease)? | Common Symptoms of Osteogenesis Imperfecta (Brittle Bone Disease) | Causes | Diagnosis | Treatment | Key Risk Factors | Prevention | Prevalence | Category | Alphabetical Index | Disease ID | Source
26,Osteogenesis Imperfecta (Brittle Bone Disease),2,slug,common_diseases_conditions_offline.json,1486,Osteogenesis Imperfecta,osteogenesis-imperfecta,https://www.apollohospitals.com/diseases-and-conditions/osteogenesis-imperfecta,Osteogenesis Imperfecta | Apollo Hospitals,1,6,2397,None | Osteogenesis Imperfecta Definition | Osteogenesis Imperfecta Symptoms | Osteogenesis Imperfecta Risk Factors | Osteogenesis Imperfecta Diagnosis | Osteogenesis Imperfecta Treatment
27,Osteomalacia (Rickets in Adults),2,slug,modified_disease.json,88,Osteomalacia (Rickets in Adults),osteomalacia,https://www.niams.nih.gov/health-topics/bone-health,"Osteomalacia (Rickets in Adults) - Symptoms, Causes, Diagnosis, Treatment, and Prevention",2,13,2215,Introduction | What is Osteomalacia (Rickets in Adults)? | Common Symptoms of Osteomalacia (Rickets in Adults) | Causes | Diagnosis | Treatment | Key Risk Factors | Prevention | Prevalence | Category | Alphabetical Index | Disease ID | Source
27,Osteomalacia (Rickets in Adults),2,slug,common_diseases_conditions_offline.json,1487,"Osteomalacia - Causes, Symptoms, Diagnosis, Treatment, and Prevention",osteomalacia,https://www.apollohospitals.com/diseases-and-conditions/osteomalacia,"Osteomalacia - Causes, Symptoms, Diagnosis, and Treatment",2,24,23833,Introduction | Definition: What is Osteomalacia? | Causes and Risk Factors | Infectious/Environmental Causes: | Genetic/Autoimmune Causes: | Lifestyle and Dietary Factors: | Key Risk Factors: | Symptoms of Osteomalacia | Common Symptoms: | Warning Signs for Immediate Medical Attention: | Diagnosis of Osteomalacia | Clinical Evaluation: | Diagnostic Tests: | Differential Diagnosis: | Treatment Options for Osteomalacia | Medical Treatments: | Non-Pharmacological Treatments: | Special Considerations: | Complications of Osteomalacia | Prevention of Osteomalacia | Prognosis & Long-Term Outlook | Frequently Asked Questions (FAQs) | When to See a Doctor | Conclusion & Disclaimer
28,Pneumonia,2,slug,modified_disease.json,94,Pneumonia,pneumonia,https://medlineplus.gov/pneumonia.html,"Pneumonia - Symptoms, Causes, Diagnosis, Treatment, and Prevention",2,13,880,Introduction | What is Pneumonia? | Common Symptoms of Pneumonia | Causes | Diagnosis | Treatment | Key Risk Factors | Prevention | Prevalence | Category | Alphabetical Index | Disease ID | Source
28,Pneumonia,2,slug,common_diseases_conditions_offline.json,1628,"Pneumonia - Causes, Symptoms and Treatment",pneumonia,https://www.apollohospitals.com/diseases-and-conditions/pneumonia,"Pneumonia - Symptoms, Causes, Risk Factors, Diagnosis and Treatment",1,12,18285,None | Walking pneumonia | Stages of pneumonia | Bacterial pneumonia | Viral pneumonia | Fungal pneumonia | Some other preventive measures include: | Complications | Is pneumonia curable? | Pneumonia in pregnancy | Conclusion | FAQ
29,Psoriasis,2,slug,modified_disease.json,100,Psoriasis,psoriasis,https://www.niams.nih.gov/health-topics/psoriasis,"Psoriasis - Symptoms, Causes, Diagnosis, Treatment, and Prevention",2,13,1859,Introduction | What is Psoriasis? | Common Symptoms of Psoriasis | Causes | Diagnosis | Treatment | Key Risk Factors | Prevention | Prevalence | Category | Alphabetical Index | Disease ID | Source
29,Psoriasis,2,slug,common_diseases_conditions_offline.json,1720,"Psoriasis - Types, Symptoms, Causes and Treatment",psoriasis,https://www.apollohospitals.com/diseases-and-conditions/psoriasis,"Psoriasis - Types, Symptoms, Causes and Treatment | Apollo Hospitals",1,14,12236,Overview | Types of Psoriasis | Causes of Psoriasis | Symptoms of Psoriasis | Common symptoms of psoriasis include: | Risk Factors P soriasis | Diagnosis | Treatment | Topical Treatments | Light Therapy | Medications | Alternative Medicine | Prevention | FAQs
30,Q Fever,2,slug,modified_disease.json,102,Q Fever,q-fever,https://www.apollohospitals.com/diseases-and-conditions/q-fever,"Q Fever - Symptoms, Causes, Diagnosis, Treatment, and Prevention",2,13,1804,Introduction | What is Q Fever? | Common Symptoms of Q Fever | Causes | Diagnosis | Treatment | Key Risk Factors | Prevention | Prevalence | Category | Alphabetical Index | Disease ID | Source
30,Q Fever,2,slug,common_diseases_conditions_offline.json,1747,"Q Fever - Symptoms, Causes And Treatment",q-fever,https://www.apollohospitals.com/diseases-and-conditions/q-fever,"Q Fever - Symptoms, Causes And Treatment | Apollo Hospitals",1,9,5093,None | What Are the Symptoms of Q Fever? | What Are the Causes of Q Fever? | When Do You Need to See a Doctor? | What are the Risks Associated with Q Fever? | How Can You Prevent Q Fever? | What is the Treatment for Q Fever? | Conclusion | Frequently Asked Questions (FAQs)
31,Quadrantanopia,2,slug,modified_disease.json,103,Quadrantanopia,quadrantanopia,https://www.apollohospitals.com/diseases-and-conditions/quadrantanopia,"Quadrantanopia - Symptoms, Causes, Diagnosis, Treatment, and Prevention",2,13,1555,Introduction | What is Quadrantanopia? | Common Symptoms of Quadrantanopia | Causes | Diagnosis | Treatment | Key Risk Factors | Prevention | Prevalence | Category | Alphabetical Index | Disease ID | Source
31,Quadrantanopia,2,slug,common_diseases_conditions_offline.json,1748,"Quadrantanopia - Causes, Symptoms, Diagnosis, Treatment, and Prevention",quadrantanopia,https://www.apollohospitals.com/diseases-and-conditions/quadrantanopia,"Quadrantanopia - Causes, Symptoms, Diagnosis, and Treatment",2,22,10754,Introduction | What is Quadrantanopia? | Infectious/Environmental Causes | Genetic/Autoimmune Causes | Lifestyle and Dietary Factors | Key Risk Factors | Common Symptoms of Quadrantanopia | Warning Signs | Clinical Evaluation | Diagnostic Tests | Differential Diagnosis | Medical Treatments | Non-Pharmacological Treatments | Special Considerations | Potential Complications | Short-Term and Long-Term Complications | Strategies for Prevention | Typical Course of the Disease | Factors Influencing Prognosis | Frequently Asked Questions (FAQs) | When to See a Doctor | Conclusion & Disclaimer
32,Raynaud's Disease (Primary Raynaud's),2,slug,modified_disease.json,105,Raynaud's Disease (Primary Raynaud's),raynauds-disease,https://www.niams.nih.gov/health-topics/raynauds-phenomenon,"Raynaud's Disease (Primary Raynaud's) - Symptoms, Causes, Diagnosis, Treatment, and Prevention",2,13,2060,Introduction | What is Raynaud's Disease (Primary Raynaud's)? | Common Symptoms of Raynaud's Disease (Primary Raynaud's) | Causes | Diagnosis | Treatment | Key Risk Factors | Prevention | Prevalence | Category | Alphabetical Index | Disease ID | Source
32,Raynaud's Disease (Primary Raynaud's),2,slug,common_diseases_conditions_offline.json,1757,"Raynaud's Disease - Symptoms, Causes And Treatment",raynauds-disease,https://www.apollohospitals.com/diseases-and-conditions/raynauds-disease,"Raynaud's Disease - Symptoms, Causes And Treatment | Apollo Hospitals",1,11,4636,None | What is Raynaud’s disease? | What are the symptoms of Raynaud’s disease? | What causes Raynaud’s disease? | Raynaud’s phenomenon causes: | When to see a doctor? | What are the possible complications associated with Raynaud’s disease? | Medications | Surgeries and medical procedures | Conclusion | Frequently Asked Questions (FAQs)
33,Reactive Arthritis,2,slug,modified_disease.json,107,Reactive Arthritis,reactive-arthritis,https://www.niams.nih.gov/health-topics/reactive-arthritis,"Reactive Arthritis - Symptoms, Causes, Diagnosis, Treatment, and Prevention",2,13,1525,Introduction | What is Reactive Arthritis? | Common Symptoms of Reactive Arthritis | Causes | Diagnosis | Treatment | Key Risk Factors | Prevention | Prevalence | Category | Alphabetical Index | Disease ID | Source
33,Reactive Arthritis,2,slug,common_diseases_conditions_offline.json,1759,"Reactive Arthritis - Symptoms, Causes and Treatment",reactive-arthritis,https://www.apollohospitals.com/diseases-and-conditions/reactive-arthritis,"Reactive Arthritis - Symptoms, Causes and Treatment",1,8,4839,None | What is reactive arthritis? | What are the symptoms of reactive arthritis? | When do you need to see a doctor? | How can reactive arthritis disease be prevented? | How is reactive arthritis treated? | Conclusion | Frequently Asked Questions (FAQs)
34,Scoliosis,2,slug,modified_disease.json,112,Scoliosis,scoliosis,https://www.niams.nih.gov/health-topics/scoliosis,"Scoliosis - Symptoms, Causes, Diagnosis, Treatment, and Prevention",2,13,1714,Introduction | What is Scoliosis? | Common Symptoms of Scoliosis | Causes | Diagnosis | Treatment | Key Risk Factors | Prevention | Prevalence | Category | Alphabetical Index | Disease ID | Source
34,Scoliosis,2,slug,common_diseases_conditions_offline.json,1843,"Scoliosis - Causes, Symptoms And Treatment",scoliosis,https://www.apollohospitals.com/diseases-and-conditions/scoliosis,"Scoliosis - Symptoms, Causes and Treatment - Apollo Hospital Blog",1,30,12397,Overview | What is Scoliosis? | Causes of Scoliosis | Non-Structural Scoliosis (Functional) | Structural Scoliosis | Who Might Be at Risk for Scoliosis? | Symptoms of Scoliosis | Common Signs in Children and Adolescents: | Symptoms in Infants: | Symptoms in Adults: | When Severe: | Diagnosis of Scoliosis | 1. Physical Examination | 2. Neurological Examination | 3. Imaging Tests | Treatment for Scoliosis | 1. Observation and Monitoring | 2. Bracing | 3. Casting (for Infants) | 4. Surgery | 5. Advanced Techniques | 6. Physical Therapy and Exercises | Post-Surgical Recovery and Follow-up | Can Scoliosis Be Prevented? | Common Myths About Scoliosis (Not True) | What Can Be Done? | 1. Early Screening | 2. Healthy Lifestyle | 3. Emotional Support | Final Takeaway
35,Sjögren's Syndrome,2,slug,modified_disease.json,115,Sjögren's Syndrome,sjogrens-syndrome,https://www.niams.nih.gov/health-topics/sjogrens-syndrome,"Sjögren's Syndrome - Symptoms, Causes, Diagnosis, Treatment, and Prevention",2,13,1711,Introduction | What is Sjögren's Syndrome? | Common Symptoms of Sjögren's Syndrome | Causes | Diagnosis | Treatment | Key Risk Factors | Prevention | Prevalence | Category | Alphabetical Index | Disease ID | Source
35,Sjögren's Syndrome,2,slug,common_diseases_conditions_offline.json,1896,"Sjogrens Syndrome - Causes, Symptoms, Diagnosis, Treatment, and Prevention",sjogrens-syndrome,https://www.apollohospitals.com/diseases-and-conditions/sjogrens-syndrome,"Sjogrens Syndrome - Causes, Symptoms, Diagnosis, and Treatment",2,22,13492,Introduction | What is Sjögren's Syndrome? | Infectious/Environmental Causes | Genetic/Autoimmune Causes | Lifestyle and Dietary Factors | Key Risk Factors | Common Symptoms | Warning Signs | Clinical Evaluation | Diagnostic Tests | Differential Diagnosis | Medical Treatments | Non-Pharmacological Treatments | Special Considerations | Complications | Short-Term Complications | Long-Term Complications | Prevention | Prognosis & Long-Term Outlook | Frequently Asked Questions (FAQs) | When to See a Doctor | Conclusion & Disclaimer
36,Tendinitis,2,slug,modified_disease.json,123,Tendinitis,tendinitis,https://www.niams.nih.gov/health-topics/tendinitis,"Tendinitis - Symptoms, Causes, Diagnosis, Treatment, and Prevention",2,13,1547,Introduction | What is Tendinitis? | Common Symptoms of Tendinitis | Causes | Diagnosis | Treatment | Key Risk Factors | Prevention | Prevalence | Category | Alphabetical Index | Disease ID | Source
36,Tendinitis,2,slug,common_diseases_conditions_offline.json,2030,Tendinitis,tendinitis,https://www.apollohospitals.com/diseases-and-conditions/tendinitis,Tendinitis | Apollo Hospitals,1,7,4359,None | What is tendinitis? | What are the symptoms of tendinitis? | When do you need to see a doctor? | How is tendinitis prevented? | What are the remedies for tendinitis? | Conclusion
37,Tendinopathy,2,slug,modified_disease.json,124,Tendinopathy,tendinopathy,https://www.niams.nih.gov/health-topics/tendinitis,"Tendinopathy - Symptoms, Causes, Diagnosis, Treatment, and Prevention",2,13,1978,Introduction | What is Tendinopathy? | Common Symptoms of Tendinopathy | Causes | Diagnosis | Treatment | Key Risk Factors | Prevention | Prevalence | Category | Alphabetical Index | Disease ID | Source
37,Tendinopathy,2,slug,common_diseases_conditions_offline.json,2031,"Tendinopathy - Causes, Symptoms, Diagnosis, Treatment, and Prevention",tendinopathy,https://www.apollohospitals.com/diseases-and-conditions/tendinopathy,"Tendinopathy - Causes, Symptoms, Diagnosis, and Treatment",2,21,10024,Introduction | Definition | Infectious/Environmental Causes | Genetic/Autoimmune Causes | Lifestyle and Dietary Factors | Key Risk Factors | Symptoms | Warning Signs | Clinical Evaluation | Diagnostic Tests | Differential Diagnosis | Medical Treatments | Non-Pharmacological Treatments | Special Considerations | Complications | Short-Term and Long-Term Complications | Prevention | Prognosis & Long-Term Outlook | Frequently Asked Questions (FAQs) | When to See a Doctor | Conclusion & Disclaimer
38,Thoracic Outlet Syndrome (TOS),2,slug,modified_disease.json,127,Thoracic Outlet Syndrome (TOS),thoracic-outlet-syndrome,https://www.niams.nih.gov/health-topics/musculoskeletal-disorders,"Thoracic Outlet Syndrome (TOS) - Symptoms, Causes, Diagnosis, Treatment, and Prevention",2,13,1992,Introduction | What is Thoracic Outlet Syndrome (TOS)? | Common Symptoms of Thoracic Outlet Syndrome (TOS) | Causes | Diagnosis | Treatment | Key Risk Factors | Prevention | Prevalence | Category | Alphabetical Index | Disease ID | Source
38,Thoracic Outlet Syndrome (TOS),2,slug,common_diseases_conditions_offline.json,2049,Thoracic Outlet Syndrome,thoracic-outlet-syndrome,https://www.apollohospitals.com/diseases-and-conditions/thoracic-outlet-syndrome,"Thoracic Outlet Syndrome - Causes, Symptoms, Prevention & Treatmment",1,10,6522,None | What is Thoracic Outlet Syndrome? | What are the Symptoms of Thoracic Outlet Syndrome? | When Should You See a Doctor? | What are the Risk Factors and Causes of Thoracic Outlet Disease? | Causes | How to Prevent Thoracic Outlet Syndrome? | How is Thoracic Outlet Syndrome Treated? | Conclusion | Frequently Asked Questions (FAQs)
39,Vasculitis,2,slug,modified_disease.json,133,Vasculitis,vasculitis,https://www.niams.nih.gov/health-topics/vasculitis,"Vasculitis - Symptoms, Causes, Diagnosis, Treatment, and Prevention",2,13,1803,Introduction | What is Vasculitis? | Common Symptoms of Vasculitis | Causes | Diagnosis | Treatment | Key Risk Factors | Prevention | Prevalence | Category | Alphabetical Index | Disease ID | Source
39,Vasculitis,2,slug,common_diseases_conditions_offline.json,2212,Vasculitis,vasculitis,https://www.apollohospitals.com/diseases-and-conditions/vasculitis,Vasculitis | Apollo Hospitals,1,1,7661,None
40,Vitamin B12 Deficiency,2,slug,modified_disease.json,135,Vitamin B12 Deficiency,vitamin-b12-deficiency,https://medlineplus.gov/ency/article/000574.htm,"Vitamin B12 Deficiency - Symptoms, Causes, Diagnosis, Treatment, and Prevention",2,13,993,Introduction | What is Vitamin B12 Deficiency? | Common Symptoms of Vitamin B12 Deficiency | Causes | Diagnosis | Treatment | Key Risk Factors | Prevention | Prevalence | Category | Alphabetical Index | Disease ID | Source
40,Vitamin B12 Deficiency,2,slug,common_diseases_conditions_offline.json,2247,"Vitamin B12 Deficiency: Understanding Its Causes, Symptoms, Diagnosis, Treatment, and Prevention",vitamin-b12-deficiency,https://www.apollohospitals.com/diseases-and-conditions/vitamin-b12-deficiency,"Vitamin B12 Deficiency - Causes, Symptoms, Diagnosis, and Treatment",1,21,10611,Introduction | What is Vitamin B12 Deficiency? | Infectious/Environmental Causes | Genetic/Autoimmune Causes | Lifestyle and Dietary Factors | Key Risk Factors | Symptoms | Warning Signs | Clinical Evaluation | Diagnostic Tests | Differential Diagnosis | Medical Treatments | Non-Pharmacological Treatments | Special Considerations | Complications | Short-Term and Long-Term Complications | Prevention | Prognosis & Long-Term Outlook | Frequently Asked Questions (FAQs) | When to See a Doctor | Conclusion & Disclaimer
41,Xanthelasma,2,slug,modified_disease.json,140,Xanthelasma,xanthelasma,https://www.apollohospitals.com/diseases-and-conditions/xanthelasma,"Xanthelasma - Symptoms, Causes, Diagnosis, Treatment, and Prevention",2,13,1412,Introduction | What is Xanthelasma? | Common Symptoms of Xanthelasma | Causes | Diagnosis | Treatment | Key Risk Factors | Prevention | Prevalence | Category | Alphabetical Index | Disease ID | Source
41,Xanthelasma,2,slug,common_diseases_conditions_offline.json,2301,"Xanthelasma - Causes, Symptoms, Diagnosis, Treatment, and Prevention",xanthelasma,https://www.apollohospitals.com/diseases-and-conditions/xanthelasma,"Xanthelasma - Causes, Symptoms, Diagnosis, and Treatment",2,22,9880,Introduction | What is Xanthelasma? | Infectious/Environmental Causes | Genetic/Autoimmune Causes | Lifestyle and Dietary Factors | Key Risk Factors | Common Symptoms of Xanthelasma | Warning Signs | Clinical Evaluation | Diagnostic Tests | Differential Diagnosis | Medical Treatments | Non-Pharmacological Treatments | Special Considerations | Potential Complications | Short-Term and Long-Term Complications | Strategies for Prevention | Typical Course of the Disease | Factors Influencing Prognosis | Frequently Asked Questions (FAQs) | When to See a Doctor | Conclusion & Disclaimer
42,Yaws,2,slug,modified_disease.json,144,Yaws,yaws,https://www.apollohospitals.com/diseases-and-conditions/yaws,"Yaws - Symptoms, Causes, Diagnosis, Treatment, and Prevention",2,13,1418,Introduction | What is Yaws? | Common Symptoms of Yaws | Causes | Diagnosis | Treatment | Key Risk Factors | Prevention | Prevalence | Category | Alphabetical Index | Disease ID | Source
42,Yaws,2,slug,common_diseases_conditions_offline.json,2306,"Yaws - Causes, Symptoms, Diagnosis, Treatment, and Prevention",yaws,https://www.apollohospitals.com/diseases-and-conditions/yaws,"Yaws - Causes, Symptoms, Diagnosis, and Treatment",2,22,9009,Introduction | Definition | Infectious/Environmental Causes | Genetic/Autoimmune Causes | Lifestyle and Dietary Factors | Key Risk Factors | Symptoms | Warning Signs | Clinical Evaluation | Diagnostic Tests | Differential Diagnosis | Medical Treatments | Non-Pharmacological Treatments | Special Considerations | Complications | Short-Term Complications | Long-Term Complications | Prevention | Prognosis & Long-Term Outlook | Frequently Asked Questions (FAQs) | When to See a Doctor | Conclusion & Disclaimer
43,Yellow Fever,2,slug,modified_disease.json,145,Yellow Fever,yellow-fever,https://www.apollohospitals.com/diseases-and-conditions/yellow-fever,"Yellow Fever - Symptoms, Causes, Diagnosis, Treatment, and Prevention",2,13,1327,Introduction | What is Yellow Fever? | Common Symptoms of Yellow Fever | Causes | Diagnosis | Treatment | Key Risk Factors | Prevention | Prevalence | Category | Alphabetical Index | Disease ID | Source
43,Yellow Fever,2,slug,common_diseases_conditions_offline.json,2307,"Yellow Fever - Causes, Symptoms, Diagnosis, Treatment, and Prevention",yellow-fever,https://www.apollohospitals.com/diseases-and-conditions/yellow-fever,"Yellow Fever - Causes, Symptoms, Diagnosis, and Treatment",2,18,6732,Introduction | Definition | Infectious/Environmental Causes: | Genetic/Autoimmune Causes: | Lifestyle and Dietary Factors: | Key Risk Factors: | Symptoms | Diagnosis | Diagnostic Tests: | Medical Treatments: | Non-Pharmacological Treatments: | Special Considerations: | Complications | Prevention | Prognosis & Long-Term Outlook | Frequently Asked Questions (FAQs) | When to See a Doctor | Conclusion & Disclaimer
44,Yellow Nail Syndrome,2,slug,modified_disease.json,146,Yellow Nail Syndrome,yellow-nail-syndrome,https://www.apollohospitals.com/diseases-and-conditions/yellow-nail-syndrome,"Yellow Nail Syndrome - Symptoms, Causes, Diagnosis, Treatment, and Prevention",2,13,1461,Introduction | What is Yellow Nail Syndrome? | Common Symptoms of Yellow Nail Syndrome | Causes | Diagnosis | Treatment | Key Risk Factors | Prevention | Prevalence | Category | Alphabetical Index | Disease ID | Source
44,Yellow Nail Syndrome,2,slug,common_diseases_conditions_offline.json,2308,"Yellow Nail Syndrome - Causes, Symptoms, Diagnosis, Treatment, and Prevention",yellow-nail-syndrome,https://www.apollohospitals.com/diseases-and-conditions/yellow-nail-syndrome,"Yellow Nail Syndrome - Causes, Symptoms, Diagnosis, and Treatment",2,22,10645,Introduction | Definition | Infectious/Environmental Causes | Genetic/Autoimmune Causes | Lifestyle and Dietary Factors | Key Risk Factors | Symptoms | Warning Signs | Clinical Evaluation | Diagnostic Tests | Differential Diagnosis | Medical Treatments | Non-Pharmacological Treatments | Special Considerations | Complications | Short-Term Complications | Long-Term Complications | Prevention | Prognosis & Long-Term Outlook | Frequently Asked Questions (FAQs) | When to See a Doctor | Conclusion & Disclaimer
45,Zenkers Diverticulum,2,slug,modified_disease.json,148,Zenkers Diverticulum,zenkers-diverticulum,https://www.apollohospitals.com/diseases-and-conditions/zenkers-diverticulum,"Zenkers Diverticulum - Symptoms, Causes, Diagnosis, Treatment, and Prevention",2,13,1339,Introduction | What is Zenkers Diverticulum? | Common Symptoms of Zenkers Diverticulum | Causes | Diagnosis | Treatment | Key Risk Factors | Prevention | Prevalence | Category | Alphabetical Index | Disease ID | Source
45,Zenkers Diverticulum,2,slug,common_diseases_conditions_offline.json,2310,"Zenkers Diverticulum - Causes, Symptoms, Diagnosis, Treatment, and Prevention",zenkers-diverticulum,https://www.apollohospitals.com/diseases-and-conditions/zenkers-diverticulum,"Zenkers Diverticulum - Causes, Symptoms, Diagnosis, and Treatment",2,21,12528,Introduction | What is Zenkers Diverticulum? | Infectious/Environmental Causes | Genetic/Autoimmune Causes | Lifestyle and Dietary Factors | Key Risk Factors | Symptoms | Warning Signs | Clinical Evaluation | Diagnostic Tests | Differential Diagnosis | Medical Treatments | Non-Pharmacological Treatments | Special Considerations | Complications | Short-Term and Long-Term Complications | Prevention | Prognosis & Long-Term Outlook | Frequently Asked Questions (FAQs) | When to See a Doctor | Conclusion & Disclaimer
46,Zika Virus Infection,2,slug,modified_disease.json,149,Zika Virus Infection,zika-virus,https://www.apollohospitals.com/diseases-and-conditions/zika-virus,"Zika Virus Infection - Symptoms, Causes, Diagnosis, Treatment, and Prevention",2,13,1424,Introduction | What is Zika Virus Infection? | Common Symptoms of Zika Virus Infection | Causes | Diagnosis | Treatment | Key Risk Factors | Prevention | Prevalence | Category | Alphabetical Index | Disease ID | Source
46,Zika Virus Infection,2,slug,common_diseases_conditions_offline.json,2311,ZIKA VIRUS,zika-virus,https://www.apollohospitals.com/diseases-and-conditions/zika-virus,Zika Virus | Zika Virus Symptoms | Zika Virus Spread,1,7,3721,What is Zika Virus | Transmission | Signs and symptoms of Zika Virus | Diagnosis for Zika Virus | Treatment for Zika | Prevention from Zika Virus | vel Advisory
47,Zollinger-Ellison Syndrome,2,slug,modified_disease.json,150,Zollinger-Ellison Syndrome,zollinger-ellison-syndrome,https://www.apollohospitals.com/diseases-and-conditions/zollinger-ellison-syndrome,"Zollinger-Ellison Syndrome - Symptoms, Causes, Diagnosis, Treatment, and Prevention",2,13,1412,Introduction | What is Zollinger-Ellison Syndrome? | Common Symptoms of Zollinger-Ellison Syndrome | Causes | Diagnosis | Treatment | Key Risk Factors | Prevention | Prevalence | Category | Alphabetical Index | Disease ID | Source
47,Zollinger-Ellison Syndrome,2,slug,common_diseases_conditions_offline.json,2312,"Zollinger Ellison Syndrome - Causes, Symptoms, Diagnosis, Treatment, and Prevention",zollinger-ellison-syndrome,https://www.apollohospitals.com/diseases-and-conditions/zollinger-ellison-syndrome,"Zollinger Ellison Syndrome - Causes, Symptoms, Diagnosis, and Treatment",2,22,11791,Introduction | What is Zollinger-Ellison Syndrome? | Infectious/Environmental Causes | Genetic/Autoimmune Causes | Lifestyle and Dietary Factors | Key Risk Factors | Common Symptoms of Zollinger-Ellison Syndrome | Warning Signs | Clinical Evaluation | Diagnostic Tests | Differential Diagnosis | Medical Treatments | Non-Pharmacological Treatments | Special Considerations | Potential Complications | Short-Term and Long-Term Complications | Strategies for Prevention | Typical Course of the Disease | Factors Influencing Prognosis | Frequently Asked Questions (FAQs) | When to See a Doctor | Conclusion & Disclaimer
